random_state,accuracy,R2,CV_mean,CV_std,MAE
67299,15.802313476104317,0.7586624064011394,0.5594254577118316,0.17234919930419254,7.674844444444442
