random_state,accuracy,R2,CV_mean,CV_std,MAE
99,70.90974225218548,0.7281591616346854,0.5956943389740893,0.19118269967622784,32.24355185185182
