pform,nmodels,mean_acc,mae,r2,cv_mean,cv_std
occ_p,1,70.91,32.24355185185182,0.7281591616346854,0.5956943389740893,0.19118269967622784
